,date,
0,Wed Jul 29 08:56:36 2020,
,date,
0,Wed Jul 29 08:58:55 2020,AP07DV8710
,date,
0,Wed Jul 29 09:26:42 2020,AP07DV8710
,date,
0,Wed Jul 29 09:31:17 2020,AP07DV8710
,date,
0,Thu Jul 30 13:05:57 2020,AP07DV8710
,date,
0,Fri Jul 31 09:55:53 2020,AP07DV8710
,date,
0,Fri Jul 31 20:45:04 2020,AP07DV8716
,date,
0,Fri Jul 31 20:45:04 2020,AP07DV8710
,date,
0,Fri Jul 31 20:45:04 2020,AP07DY8710
,date,
0,Fri Jul 31 20:49:39 2020,AP07DV8710
,date,
0,Fri Jul 31 21:02:54 2020,AP07DY8710
,date,
0,Fri Jul 31 21:02:54 2020,AP07DV8710
,date,
0,Sun Aug  2 11:01:56 2020,AP07DV8710
,date,
0,Fri Aug 14 09:33:26 2020,AP07 DV8710
,date,
0,Fri Aug 14 09:33:26 2020,D ะต APO7 .
,date,
0,Fri Aug 14 09:33:26 2020,APOZ . DV87
,date,
0,Fri Aug 14 09:36:02 2020,AP07 DV8710
,date,
0,Fri Aug 14 09:36:02 2020,D ะต APO7 .
,date,
0,Fri Aug 14 09:36:02 2020,APOZ . DV87
,date,
0,Fri Aug 14 09:36:58 2020,AP07 DV8710
,date,
0,Fri Aug 14 09:36:58 2020,D ะต APO7 .
,date,
0,Fri Aug 14 09:36:58 2020,APOZ . DV87
,date,
0,Tue Sep 29 13:55:13 2020,AP07DV8710
,date,
0,Sat Mar 20 13:42:11 2021,AP07DV8710
